/*
SQLyog 企业版 - MySQL GUI v7.14 
MySQL - 5.0.67-community-nt : Database - weathermonitor
*********************************************************************
*/

/*!40101 SET NAMES utf8 */;

/*!40101 SET SQL_MODE=''*/;

/*!40014 SET @OLD_FOREIGN_KEY_CHECKS=@@FOREIGN_KEY_CHECKS, FOREIGN_KEY_CHECKS=0 */;
/*!40101 SET @OLD_SQL_MODE=@@SQL_MODE, SQL_MODE='NO_AUTO_VALUE_ON_ZERO' */;

CREATE DATABASE /*!32312 IF NOT EXISTS*/`weathermonitor` /*!40100 DEFAULT CHARACTER SET utf8 */;

USE `weathermonitor`;

/*Table structure for table `newshongkong` */

DROP TABLE IF EXISTS `newshongkong`;

CREATE TABLE `newshongkong` (
  `id` bigint(20) NOT NULL auto_increment,
  `title` varchar(100) default NULL,
  `content` varchar(10000) default NULL,
  PRIMARY KEY  (`id`)
) ENGINE=InnoDB AUTO_INCREMENT=6 DEFAULT CHARSET=gbk;

/*Data for the table `newshongkong` */

insert  into `newshongkong`(`id`,`title`,`content`) values (1,'奥巴马',''),(2,'布什',''),(3,'null','null'),(4,'HongKongTitle','HongKongContent'),(5,'null','null');

/*Table structure for table `newspolitical` */

DROP TABLE IF EXISTS `newspolitical`;

CREATE TABLE `newspolitical` (
  `id` bigint(20) NOT NULL auto_increment,
  `title` varchar(100) default NULL,
  `content` text,
  PRIMARY KEY  (`id`)
) ENGINE=InnoDB AUTO_INCREMENT=2 DEFAULT CHARSET=gbk;

/*Data for the table `newspolitical` */

insert  into `newspolitical`(`id`,`title`,`content`) values (1,'立夏广东无“夏味” 8日起再迎暴雨','立夏广东无“夏味” 8日起再迎暴雨');

/*Table structure for table `t_areaadmin` */

DROP TABLE IF EXISTS `t_areaadmin`;

CREATE TABLE `t_areaadmin` (
  `id` int(4) NOT NULL auto_increment,
  `username` varchar(10) NOT NULL,
  `password` varchar(10) NOT NULL,
  `address` varchar(10) NOT NULL,
  PRIMARY KEY  (`id`)
) ENGINE=InnoDB AUTO_INCREMENT=7 DEFAULT CHARSET=utf8;

/*Data for the table `t_areaadmin` */

insert  into `t_areaadmin`(`id`,`username`,`password`,`address`) values (1,'admin','admin','east'),(2,'dkj','dfw','de'),(3,'cdw','de','few'),(4,'染发我v','da','east'),(5,'admin','123','east'),(6,'','','east');

/*Table structure for table `t_data` */

DROP TABLE IF EXISTS `t_data`;

CREATE TABLE `t_data` (
  `id` int(4) NOT NULL auto_increment,
  `date` date NOT NULL,
  `time` char(4) NOT NULL,
  `temperature` float NOT NULL,
  `humidity` float NOT NULL,
  `SO2` float NOT NULL,
  `O3` float NOT NULL,
  `dust` float NOT NULL,
  `voice` float NOT NULL,
  `path` text,
  PRIMARY KEY  (`id`)
) ENGINE=InnoDB AUTO_INCREMENT=18 DEFAULT CHARSET=utf8;

/*Data for the table `t_data` */

insert  into `t_data`(`id`,`date`,`time`,`temperature`,`humidity`,`SO2`,`O3`,`dust`,`voice`,`path`) values (1,'2013-12-11','01',27,45,30,10,23,56,''),(2,'2013-12-12','02',43,53,32,46,1,56,'12-16 19:31:20.652: D/IP(7432): IP==1711384768\r\n'),(3,'2013-12-13','03',43,53,65,13,423,42,'此格式蓝牙 wifi zigbee通用\r\n注意zigbee 在通信中是以支付方式传递 底端处理方式与蓝牙 wifi不同\r\n---------------------------------------------------------------\r\nget\r\nFF FF 01 //建立连接\r\nFF FF 05 //重置或播放文件\r\nFF FF 06 //进入颜色控制模式\r\nFF FF FF R G B //接收颜色格式\r\nFF FF 05 FF FF FF //退出颜色控制 正常播放 \r\n\r\nsend \r\nFF FF 02 //确认连接\r\nFF FF 03 //文件接收完成\r\nFF FF 04 //未接收文件\r\n---------------------------------------------------------------\r\n*控制颜色模式详细解释\r\n发送 FF FF 06 进入控制模式\r\n然后可以发送 FF FF FF R G B  来改变颜色\r\n当需要退出的时候 发送 FF FF 05 ** ** ** (** 随意) 然后会重新回到正常的模式\r\n\r\n*！！未放置SD卡情况下 会使用EEPROM 只能容纳100条指令！！\r\n\r\n*发送文件过程\r\n发送FF FF 01 底端准备接收文件 会返回FFFF02\r\n接下来可以发送文件内容了。。\r\n接收到文件结尾 会回复 FFFF03 表示接收文件成功\r\n如果失败可能会返回 FFFF04\r\n\r\n*重置方法\r\n发送FF FF 05\r\n***********************************************\r\n对于五角星！！\r\nFF FF FF FF FF FF FF FF FF 00 //传00灯文件指令\r\n***\r\nFF FF FF FF FF FF FF FF FF 7F //总共支持128组文件\r\n\r\n主控端发送上面的指令后 底端准备接收完毕\r\n紧接着 主控端 发送文件 \r\n当遇到文件结尾结束\r\n\r\n\r\n\r\n重置指令\r\nFF FF FF FF FF FF FF FF FF 80'),(4,'2013-12-14','04',31,43,43,32,52,12,'//'),(5,'2013-12-15','07',67,89,23,56,123,7,'dfs'),(6,'2013-12-16','08',12,56,20,58,12,7,'//////'),(7,'2013-12-17','08',12,56,20,58,34,7,'//////'),(8,'2013-12-18','08',12,56,20,58,42,7,'//////'),(9,'2013-12-18','08',12,56,20,58,432,7,'//////'),(10,'2013-12-18','09',34,65,56,65,42,23,'dafga'),(11,'2013-12-19','32',13,543,64,65,21,65,'gwe'),(12,'2014-05-05','43',21,53,21,34,6,53,'sjsj'),(13,'2014-05-06','43',54,25,49,54,24,65,'ye'),(14,'2014-05-02','53',37,38,38,20,34,34,'DEQAW'),(15,'2014-05-03','43',23,12,43,22,21,18,'dsakj'),(16,'2014-05-04','32',18,23,43,12,19,0,'fhakj'),(17,'2014-05-01','23',43,32,21,21,10,90,NULL);

/*Table structure for table `t_humidity` */

DROP TABLE IF EXISTS `t_humidity`;

CREATE TABLE `t_humidity` (
  `id` int(11) NOT NULL auto_increment,
  `date` date NOT NULL,
  `humidity` float NOT NULL,
  PRIMARY KEY  (`id`)
) ENGINE=InnoDB AUTO_INCREMENT=149 DEFAULT CHARSET=utf8;

/*Data for the table `t_humidity` */

insert  into `t_humidity`(`id`,`date`,`humidity`) values (1,'2013-12-11',294),(2,'2013-12-12',53),(3,'2013-12-13',53),(4,'2013-12-14',43),(5,'2013-12-15',89),(6,'2013-12-16',56),(7,'2013-12-17',56),(8,'2013-12-12',53),(9,'2013-12-13',53),(10,'2013-12-14',43),(11,'2013-12-15',89),(12,'2013-12-16',56),(13,'2013-12-17',56),(14,'2013-12-18',59),(15,'2013-12-12',53),(16,'2013-12-13',53),(17,'2013-12-14',43),(18,'2013-12-15',89),(19,'2013-12-16',56),(20,'2013-12-17',56),(21,'2013-12-18',59),(22,'2013-12-12',53),(23,'2013-12-13',53),(24,'2013-12-14',43),(25,'2013-12-15',89),(26,'2013-12-16',56),(27,'2013-12-17',56),(28,'2013-12-18',59),(29,'2013-12-12',53),(30,'2013-12-13',53),(31,'2013-12-14',43),(32,'2013-12-15',89),(33,'2013-12-16',56),(34,'2013-12-17',56),(35,'2013-12-18',59),(36,'2013-12-12',53),(37,'2013-12-13',53),(38,'2013-12-14',43),(39,'2013-12-15',89),(40,'2013-12-16',56),(41,'2013-12-17',56),(42,'2013-12-18',59),(43,'2013-12-12',53),(44,'2013-12-13',53),(45,'2013-12-14',43),(46,'2013-12-15',89),(47,'2013-12-16',56),(48,'2013-12-17',56),(49,'2013-12-18',59),(50,'2013-12-12',53),(51,'2013-12-13',53),(52,'2013-12-14',43),(53,'2013-12-15',89),(54,'2013-12-16',56),(55,'2013-12-17',56),(56,'2013-12-18',59),(57,'2013-12-12',53),(58,'2013-12-13',53),(59,'2013-12-14',43),(60,'2013-12-15',89),(61,'2013-12-16',56),(62,'2013-12-17',56),(63,'2013-12-18',59),(64,'2013-12-13',53),(65,'2013-12-14',43),(66,'2013-12-15',89),(67,'2013-12-16',56),(68,'2013-12-17',56),(69,'2013-12-18',59),(70,'2013-12-19',543),(71,'2013-12-13',53),(72,'2013-12-14',43),(73,'2013-12-15',89),(74,'2013-12-16',56),(75,'2013-12-17',56),(76,'2013-12-18',59),(77,'2013-12-19',543),(78,'2013-12-13',53),(79,'2013-12-14',43),(80,'2013-12-15',89),(81,'2013-12-16',56),(82,'2013-12-17',56),(83,'2013-12-18',59),(84,'2013-12-19',543),(85,'2013-12-13',53),(86,'2013-12-14',43),(87,'2013-12-15',89),(88,'2013-12-16',56),(89,'2013-12-17',56),(90,'2013-12-18',59),(91,'2013-12-19',543),(92,'2013-12-13',53),(93,'2013-12-14',43),(94,'2013-12-15',89),(95,'2013-12-16',56),(96,'2013-12-17',56),(97,'2013-12-18',59),(98,'2013-12-19',543),(99,'2013-12-13',53),(100,'2013-12-14',43),(101,'2013-12-15',89),(102,'2013-12-16',56),(103,'2013-12-17',56),(104,'2013-12-18',59),(105,'2013-12-19',543),(106,'2013-12-13',53),(107,'2013-12-14',43),(108,'2013-12-15',89),(109,'2013-12-16',56),(110,'2013-12-17',56),(111,'2013-12-18',59),(112,'2013-12-19',543),(113,'2013-12-13',53),(114,'2013-12-14',43),(115,'2013-12-15',89),(116,'2013-12-16',56),(117,'2013-12-17',56),(118,'2013-12-18',59),(119,'2013-12-19',543),(120,'2013-12-13',53),(121,'2013-12-14',43),(122,'2013-12-15',89),(123,'2013-12-16',56),(124,'2013-12-17',56),(125,'2013-12-18',59),(126,'2013-12-19',543),(127,'2013-12-13',53),(128,'2013-12-14',43),(129,'2013-12-15',89),(130,'2013-12-16',56),(131,'2013-12-17',56),(132,'2013-12-18',59),(133,'2013-12-19',543),(134,'2014-05-02',38),(135,'2014-05-03',12),(136,'2014-05-04',23),(137,'2014-05-05',53),(138,'2014-05-06',25),(139,'2014-05-02',38),(140,'2014-05-03',12),(141,'2014-05-04',23),(142,'2014-05-05',53),(143,'2014-05-06',25),(144,'2014-05-02',38),(145,'2014-05-03',12),(146,'2014-05-04',23),(147,'2014-05-05',53),(148,'2014-05-06',25);

/*Table structure for table `t_temperature` */

DROP TABLE IF EXISTS `t_temperature`;

CREATE TABLE `t_temperature` (
  `id` int(11) NOT NULL auto_increment,
  `date` date NOT NULL,
  `temperature` float NOT NULL,
  PRIMARY KEY  (`id`)
) ENGINE=InnoDB AUTO_INCREMENT=326 DEFAULT CHARSET=utf8;

/*Data for the table `t_temperature` */

insert  into `t_temperature`(`id`,`date`,`temperature`) values (1,'2013-12-18',19.3333),(2,'2013-12-11',27),(3,'2013-12-12',43),(4,'2013-12-13',43),(5,'2013-12-14',31),(6,'2013-12-15',67),(7,'2013-12-16',12),(8,'2013-12-17',12),(9,'2013-12-11',20),(10,'2013-12-12',43),(11,'2013-12-13',43),(12,'2013-12-14',31),(13,'2013-12-15',67),(14,'2013-12-16',12),(15,'2013-12-17',12),(16,'2013-12-11',20),(17,'2013-12-12',43),(18,'2013-12-13',43),(19,'2013-12-14',31),(20,'2013-12-15',67),(21,'2013-12-16',12),(22,'2013-12-17',12),(23,'2013-12-12',43),(24,'2013-12-13',43),(25,'2013-12-14',31),(26,'2013-12-15',67),(27,'2013-12-16',12),(28,'2013-12-17',12),(29,'2013-12-18',19.3333),(30,'2013-12-12',43),(31,'2013-12-13',43),(32,'2013-12-14',31),(33,'2013-12-15',67),(34,'2013-12-16',12),(35,'2013-12-17',12),(36,'2013-12-18',19.3333),(37,'2013-12-13',43),(38,'2013-12-14',31),(39,'2013-12-15',67),(40,'2013-12-16',12),(41,'2013-12-17',12),(42,'2013-12-18',19.3333),(43,'2013-12-13',43),(44,'2013-12-14',31),(45,'2013-12-15',67),(46,'2013-12-16',12),(47,'2013-12-17',12),(48,'2013-12-18',19.3333),(49,'2013-12-13',43),(50,'2013-12-14',31),(51,'2013-12-15',67),(52,'2013-12-16',12),(53,'2013-12-17',12),(54,'2013-12-18',19.3333),(55,'2013-12-13',43),(56,'2013-12-14',31),(57,'2013-12-15',67),(58,'2013-12-16',12),(59,'2013-12-17',12),(60,'2013-12-18',19.3333),(61,'2013-12-19',13),(62,'2013-12-13',43),(63,'2013-12-14',31),(64,'2013-12-15',67),(65,'2013-12-16',12),(66,'2013-12-17',12),(67,'2013-12-18',19.3333),(68,'2013-12-19',13),(69,'2013-12-13',43),(70,'2013-12-14',31),(71,'2013-12-15',67),(72,'2013-12-16',12),(73,'2013-12-17',12),(74,'2013-12-18',19.3333),(75,'2013-12-19',13),(76,'2013-12-13',43),(77,'2013-12-14',31),(78,'2013-12-15',67),(79,'2013-12-16',12),(80,'2013-12-17',12),(81,'2013-12-18',19.3333),(82,'2013-12-19',13),(83,'2013-12-13',43),(84,'2013-12-14',31),(85,'2013-12-15',67),(86,'2013-12-16',12),(87,'2013-12-17',12),(88,'2013-12-18',19.3333),(89,'2013-12-19',13),(90,'2013-12-13',43),(91,'2013-12-14',31),(92,'2013-12-15',67),(93,'2013-12-16',12),(94,'2013-12-17',12),(95,'2013-12-18',19.3333),(96,'2013-12-19',13),(97,'2013-12-13',43),(98,'2013-12-14',31),(99,'2013-12-15',67),(100,'2013-12-16',12),(101,'2013-12-17',12),(102,'2013-12-18',19.3333),(103,'2013-12-19',13),(104,'2013-12-13',43),(105,'2013-12-14',31),(106,'2013-12-15',67),(107,'2013-12-16',12),(108,'2013-12-17',12),(109,'2013-12-18',19.3333),(110,'2013-12-19',13),(111,'2013-12-13',43),(112,'2013-12-14',31),(113,'2013-12-15',67),(114,'2013-12-16',12),(115,'2013-12-17',12),(116,'2013-12-18',19.3333),(117,'2013-12-19',13),(118,'2013-12-13',43),(119,'2013-12-14',31),(120,'2013-12-15',67),(121,'2013-12-16',12),(122,'2013-12-17',12),(123,'2013-12-18',19.3333),(124,'2013-12-19',13),(125,'2013-12-13',43),(126,'2013-12-14',31),(127,'2013-12-15',67),(128,'2013-12-16',12),(129,'2013-12-17',12),(130,'2013-12-18',19.3333),(131,'2013-12-19',13),(132,'2013-12-13',43),(133,'2013-12-14',31),(134,'2013-12-15',67),(135,'2013-12-16',12),(136,'2013-12-17',12),(137,'2013-12-18',19.3333),(138,'2013-12-19',13),(139,'2013-12-13',43),(140,'2013-12-14',31),(141,'2013-12-15',67),(142,'2013-12-16',12),(143,'2013-12-17',12),(144,'2013-12-18',19.3333),(145,'2013-12-19',13),(146,'2013-12-13',43),(147,'2013-12-14',31),(148,'2013-12-15',67),(149,'2013-12-16',12),(150,'2013-12-17',12),(151,'2013-12-18',19.3333),(152,'2013-12-19',13),(153,'2013-12-13',43),(154,'2013-12-14',31),(155,'2013-12-15',67),(156,'2013-12-16',12),(157,'2013-12-17',12),(158,'2013-12-18',19.3333),(159,'2013-12-19',13),(160,'2013-12-13',43),(161,'2013-12-14',31),(162,'2013-12-15',67),(163,'2013-12-16',12),(164,'2013-12-17',12),(165,'2013-12-18',19.3333),(166,'2013-12-19',13),(167,'2013-12-13',43),(168,'2013-12-14',31),(169,'2013-12-15',67),(170,'2013-12-16',12),(171,'2013-12-17',12),(172,'2013-12-18',19.3333),(173,'2013-12-19',13),(174,'2013-12-13',43),(175,'2013-12-14',31),(176,'2013-12-15',67),(177,'2013-12-16',12),(178,'2013-12-17',12),(179,'2013-12-18',19.3333),(180,'2013-12-19',13),(181,'2013-12-13',43),(182,'2013-12-14',31),(183,'2013-12-15',67),(184,'2013-12-16',12),(185,'2013-12-17',12),(186,'2013-12-18',19.3333),(187,'2013-12-19',13),(188,'2013-12-13',43),(189,'2013-12-14',31),(190,'2013-12-15',67),(191,'2013-12-16',12),(192,'2013-12-17',12),(193,'2013-12-18',19.3333),(194,'2013-12-19',13),(195,'2013-12-13',43),(196,'2013-12-14',31),(197,'2013-12-15',67),(198,'2013-12-16',12),(199,'2013-12-17',12),(200,'2013-12-18',19.3333),(201,'2013-12-19',13),(202,'2013-12-13',43),(203,'2013-12-14',31),(204,'2013-12-15',67),(205,'2013-12-16',12),(206,'2013-12-17',12),(207,'2013-12-18',19.3333),(208,'2013-12-19',13),(209,'2013-12-13',43),(210,'2013-12-14',31),(211,'2013-12-15',67),(212,'2013-12-16',12),(213,'2013-12-17',12),(214,'2013-12-18',19.3333),(215,'2013-12-19',13),(216,'2013-12-13',43),(217,'2013-12-14',31),(218,'2013-12-15',67),(219,'2013-12-16',12),(220,'2013-12-17',12),(221,'2013-12-18',19.3333),(222,'2013-12-19',13),(223,'2013-12-13',43),(224,'2013-12-14',31),(225,'2013-12-15',67),(226,'2013-12-16',12),(227,'2013-12-17',12),(228,'2013-12-18',19.3333),(229,'2013-12-19',13),(230,'2013-12-13',43),(231,'2013-12-14',31),(232,'2013-12-15',67),(233,'2013-12-16',12),(234,'2013-12-17',12),(235,'2013-12-18',19.3333),(236,'2013-12-19',13),(237,'2013-12-13',43),(238,'2013-12-14',31),(239,'2013-12-15',67),(240,'2013-12-16',12),(241,'2013-12-17',12),(242,'2013-12-18',19.3333),(243,'2013-12-19',13),(244,'2014-05-05',21),(245,'2014-05-05',21),(246,'2014-05-05',21),(247,'2014-05-05',21),(248,'2014-05-05',21),(249,'2014-05-05',21),(250,'2014-05-05',21),(251,'2014-05-05',21),(252,'2014-05-05',21),(253,'2014-05-05',21),(254,'2014-05-06',54),(255,'2014-05-06',54),(256,'2014-05-06',54),(257,'2014-05-06',54),(258,'2014-05-06',54),(259,'2014-05-06',54),(260,'2014-05-06',54),(261,'2014-05-06',54),(262,'2014-05-06',54),(263,'2014-05-06',54),(264,'2014-05-06',54),(265,'2014-05-06',54),(266,'2014-05-06',54),(267,'2014-05-06',54),(268,'2014-05-06',54),(269,'2014-05-06',54),(270,'2014-05-06',54),(271,'2014-05-06',54),(272,'2014-05-06',54),(273,'2014-05-06',54),(274,'2014-05-06',54),(275,'2014-05-06',54),(276,'2014-05-06',54),(277,'2014-05-06',54),(278,'2014-05-06',54),(279,'2014-05-06',54),(280,'2014-05-06',54),(281,'2014-05-06',54),(282,'2014-05-06',54),(283,'2014-05-06',54),(284,'2014-05-06',54),(285,'2014-05-06',54),(286,'2014-05-02',37),(287,'2014-05-03',23),(288,'2014-05-04',18),(289,'2014-05-05',21),(290,'2014-05-06',54),(291,'2014-05-02',37),(292,'2014-05-03',23),(293,'2014-05-04',18),(294,'2014-05-05',21),(295,'2014-05-06',54),(296,'2014-05-02',37),(297,'2014-05-03',23),(298,'2014-05-04',18),(299,'2014-05-05',21),(300,'2014-05-06',54),(301,'2014-05-02',37),(302,'2014-05-03',23),(303,'2014-05-04',18),(304,'2014-05-05',21),(305,'2014-05-06',54),(306,'2014-05-02',37),(307,'2014-05-03',23),(308,'2014-05-04',18),(309,'2014-05-05',21),(310,'2014-05-06',54),(311,'2014-05-02',37),(312,'2014-05-03',23),(313,'2014-05-04',18),(314,'2014-05-05',21),(315,'2014-05-06',54),(316,'2014-05-02',37),(317,'2014-05-03',23),(318,'2014-05-04',18),(319,'2014-05-05',21),(320,'2014-05-06',54),(321,'2014-05-02',37),(322,'2014-05-03',23),(323,'2014-05-04',18),(324,'2014-05-05',21),(325,'2014-05-06',54);

/*Table structure for table `t_user` */

DROP TABLE IF EXISTS `t_user`;

CREATE TABLE `t_user` (
  `id` int(4) NOT NULL auto_increment,
  `username` varchar(10) NOT NULL,
  `password` varchar(10) NOT NULL,
  PRIMARY KEY  (`id`)
) ENGINE=InnoDB AUTO_INCREMENT=2 DEFAULT CHARSET=utf8;

/*Data for the table `t_user` */

insert  into `t_user`(`id`,`username`,`password`) values (1,'admin','admin');

/*Table structure for table `t_voice` */

DROP TABLE IF EXISTS `t_voice`;

CREATE TABLE `t_voice` (
  `id` int(11) NOT NULL auto_increment,
  `date` date default NULL,
  `voice` float default NULL,
  PRIMARY KEY  (`id`)
) ENGINE=InnoDB AUTO_INCREMENT=95 DEFAULT CHARSET=utf8;

/*Data for the table `t_voice` */

insert  into `t_voice`(`id`,`date`,`voice`) values (1,'2013-12-11',60.5),(2,'2013-12-12',56),(3,'2013-12-13',42),(4,'2013-12-14',12),(5,'2013-12-15',7),(6,'2013-12-16',7),(7,'2013-12-17',7),(8,'2013-12-12',56),(9,'2013-12-13',42),(10,'2013-12-14',12),(11,'2013-12-15',7),(12,'2013-12-16',7),(13,'2013-12-17',7),(14,'2013-12-18',12.3333),(15,'2013-12-13',42),(16,'2013-12-14',12),(17,'2013-12-15',7),(18,'2013-12-16',7),(19,'2013-12-17',7),(20,'2013-12-18',12.3333),(21,'2013-12-19',65),(22,'2013-12-13',42),(23,'2013-12-14',12),(24,'2013-12-15',7),(25,'2013-12-16',7),(26,'2013-12-17',7),(27,'2013-12-18',12.3333),(28,'2013-12-19',65),(29,'2013-12-13',42),(30,'2013-12-14',12),(31,'2013-12-15',7),(32,'2013-12-16',7),(33,'2013-12-17',7),(34,'2013-12-18',12.3333),(35,'2013-12-19',65),(36,'2013-12-13',42),(37,'2013-12-14',12),(38,'2013-12-15',7),(39,'2013-12-16',7),(40,'2013-12-17',7),(41,'2013-12-18',12.3333),(42,'2013-12-19',65),(43,'2013-12-13',42),(44,'2013-12-14',12),(45,'2013-12-15',7),(46,'2013-12-16',7),(47,'2013-12-17',7),(48,'2013-12-18',12.3333),(49,'2013-12-19',65),(50,'2013-12-13',42),(51,'2013-12-14',12),(52,'2013-12-15',7),(53,'2013-12-16',7),(54,'2013-12-17',7),(55,'2013-12-18',12.3333),(56,'2013-12-19',65),(57,'2013-12-13',42),(58,'2013-12-14',12),(59,'2013-12-15',7),(60,'2013-12-16',7),(61,'2013-12-17',7),(62,'2013-12-18',12.3333),(63,'2013-12-19',65),(64,'2013-12-13',42),(65,'2013-12-14',12),(66,'2013-12-15',7),(67,'2013-12-16',7),(68,'2013-12-17',7),(69,'2013-12-18',12.3333),(70,'2013-12-19',65),(71,'2013-12-13',42),(72,'2013-12-14',12),(73,'2013-12-15',7),(74,'2013-12-16',7),(75,'2013-12-17',7),(76,'2013-12-18',12.3333),(77,'2013-12-19',65),(78,'2013-12-13',42),(79,'2013-12-14',12),(80,'2013-12-15',7),(81,'2013-12-16',7),(82,'2013-12-17',7),(83,'2013-12-18',12.3333),(84,'2013-12-19',65),(85,'2014-05-02',34),(86,'2014-05-03',18),(87,'2014-05-04',0),(88,'2014-05-05',53),(89,'2014-05-06',65),(90,'2014-05-02',34),(91,'2014-05-03',18),(92,'2014-05-04',0),(93,'2014-05-05',53),(94,'2014-05-06',65);

/*!40101 SET SQL_MODE=@OLD_SQL_MODE */;
/*!40014 SET FOREIGN_KEY_CHECKS=@OLD_FOREIGN_KEY_CHECKS */;
